mean_fit_time,std_fit_time,mean_score_time,std_score_time,param_max_depth,param_min_samples_split,param_n_estimators,params,split0_test_score,split1_test_score,split2_test_score,mean_test_score,std_test_score,rank_test_score
7.231768210728963,0.12420683087787875,0.668404738108317,0.012802893456041678,,2,50,"{'max_depth': None, 'min_samples_split': 2, 'n_estimators': 50}",0.7202182479539254,0.724765080327372,0.7179580453498242,0.7209804578770406,0.00283074245520629,8
12.241413831710815,0.3190462276069708,1.3080933888753254,0.0515422530819993,,2,100,"{'max_depth': None, 'min_samples_split': 2, 'n_estimators': 100}",0.7240375871476205,0.7259169445286451,0.7205650539590154,0.7235065285450938,0.002216934910608359,7
5.580255667368571,0.891237860997638,0.7225574652353922,0.09883629570715739,,5,50,"{'max_depth': None, 'min_samples_split': 5, 'n_estimators': 50}",0.7295544104274022,0.73513185813883,0.7314174851461137,0.732034584570782,0.0023184174945239575,6
8.947583039601644,0.38072968644519184,1.1523086229960124,0.19448416641673047,,5,100,"{'max_depth': None, 'min_samples_split': 5, 'n_estimators': 100}",0.7319793876932403,0.7384662018793574,0.7315993694676852,0.7340149863467609,0.003151305893452135,5
2.6657373110453286,0.24234379136119621,0.24053009351094565,0.031475446903989,10,2,50,"{'max_depth': 10, 'min_samples_split': 2, 'n_estimators': 50}",0.7438617762958473,0.7507729615034859,0.7462713714077847,0.7469687030690393,0.002864242055403372,3
5.198359251022339,0.2559051923314576,0.43970338503519696,0.05146828325474559,10,2,100,"{'max_depth': 10, 'min_samples_split': 2, 'n_estimators': 100}",0.7445892694755987,0.751864201273113,0.7452406935855462,0.7472313881114193,0.003286670725432979,2
2.83487606048584,0.43768991568609805,0.2520871162414551,0.05277670678216154,10,5,50,"{'max_depth': 10, 'min_samples_split': 5, 'n_estimators': 50}",0.7435586541376175,0.7490754774173992,0.7454225779071177,0.7460189031540448,0.0022913660590977098,4
3.529029448827108,0.3265293803891414,0.24965421358744302,0.012788411805113864,10,5,100,"{'max_depth': 10, 'min_samples_split': 5, 'n_estimators': 100}",0.7441042740224311,0.7512579569566535,0.7464532557293562,0.7472718289028135,0.002977285274773489,1
