mean_fit_time,std_fit_time,mean_score_time,std_score_time,param_max_depth,param_min_samples_split,param_n_estimators,params,split0_test_score,split1_test_score,split2_test_score,mean_test_score,std_test_score,rank_test_score
6.6503918170928955,0.14596047459401623,0.8097206751505533,0.06392618766693138,,2,50,"{'max_depth': None, 'min_samples_split': 2, 'n_estimators': 50}",0.7202182479539254,0.724765080327372,0.7179580453498242,0.7209804578770406,0.00283074245520629,8
12.638578732808432,0.32616517376742127,2.2903584639231362,0.7506602966391751,,2,100,"{'max_depth': None, 'min_samples_split': 2, 'n_estimators': 100}",0.7240375871476205,0.7259169445286451,0.7205650539590154,0.7235065285450938,0.002216934910608359,7
5.495526472727458,0.18738317277340324,0.6583881378173828,0.10142380139935828,,5,50,"{'max_depth': None, 'min_samples_split': 5, 'n_estimators': 50}",0.7295544104274022,0.73513185813883,0.7314174851461137,0.732034584570782,0.0023184174945239575,6
8.818584124247232,0.2653715456892537,1.121319055557251,0.18036672728437636,,5,100,"{'max_depth': None, 'min_samples_split': 5, 'n_estimators': 100}",0.7319793876932403,0.7384662018793574,0.7315993694676852,0.7340149863467609,0.003151305893452135,5
2.3847357432047525,0.34758609184580797,0.22940516471862793,0.056088059544197384,10,2,50,"{'max_depth': 10, 'min_samples_split': 2, 'n_estimators': 50}",0.7438617762958473,0.7507729615034859,0.7462713714077847,0.7469687030690393,0.002864242055403372,3
5.179472923278809,0.1470731523447844,0.3760414123535156,0.017746025686171268,10,2,100,"{'max_depth': 10, 'min_samples_split': 2, 'n_estimators': 100}",0.7445892694755987,0.751864201273113,0.7452406935855462,0.7472313881114193,0.003286670725432979,2
2.2843523025512695,0.12399579347662615,0.25060558319091797,0.0282441344476741,10,5,50,"{'max_depth': 10, 'min_samples_split': 5, 'n_estimators': 50}",0.7435586541376175,0.7490754774173992,0.7454225779071177,0.7460189031540448,0.0022913660590977098,4
3.271878719329834,0.351241984824348,0.25338029861450195,0.04726805053500279,10,5,100,"{'max_depth': 10, 'min_samples_split': 5, 'n_estimators': 100}",0.7441042740224311,0.7512579569566535,0.7464532557293562,0.7472718289028135,0.002977285274773489,1
